<?xml version="1.0" encoding="UTF-8"?>
<config xmlns="http://www.knime.org/2008/09/XMLConfig" xmlns:xsi="http://www.w3.org/2001/XMLSchema-instance" xsi:schemaLocation="http://www.knime.org/2008/09/XMLConfig http://www.knime.org/XMLConfig_2008_09.xsd" key="MiningSchema">
<config key="learning">
<entry key="array-size" type="xint" value="10"/>
<entry key="0" type="xstring" value="Item_Weight"/>
<entry key="1" type="xstring" value="Item_Fat_Content"/>
<entry key="2" type="xstring" value="Item_Visibility"/>
<entry key="3" type="xstring" value="Item_Type"/>
<entry key="4" type="xstring" value="Item_MRP"/>
<entry key="5" type="xstring" value="Outlet_Identifier"/>
<entry key="6" type="xstring" value="Outlet_Establishment_Year"/>
<entry key="7" type="xstring" value="Outlet_Size"/>
<entry key="8" type="xstring" value="Outlet_Location_Type"/>
<entry key="9" type="xstring" value="Outlet_Type"/>
</config>
<config key="target">
<entry key="array-size" type="xint" value="1"/>
<entry key="0" type="xstring" value="Item_Outlet_Sales"/>
</config>
</config>
